<?xml version="1.0" encoding="UTF-8"?>
<!--
*** GENERATED FROM project.xml - DO NOT EDIT  ***
***         EDIT ../build.xml INSTEAD         ***

        
        -->
<project xmlns:j2seproject3="http://www.netbeans.org/ns/j2se-project/3" xmlns:j2seproject1="http://www.netbeans.org/ns/j2se-project/1" xmlns:jaxrpc="http://www.netbeans.org/ns/j2se-project/jax-rpc">
    <condition property="mirah.use_default_javac">
        <or>
            <isset property="codename1.displayName"/>
            <isset property="codename1.is_library"/>
        </or>
    </condition>
    <property name="test.binaryincludes" value="**/*Test.class"/>
    <property name="test.binarytestincludes" value="**/*Test.class"/>
    <target name="-mirah-pre-init">
        <mkdir dir="build/mirah"/>
    </target>
    <target name="-mirah-init-macrodef-javac" unless="mirah.use_default_javac">
        <macrodef name="javac" uri="http://www.netbeans.org/ns/j2se-project/3">
            <attribute name="srcdir" default="${src.dir}"/>
            <attribute name="destdir" default="${build.classes.dir}"/>
            <attribute name="classpath" default="${javac.classpath}"/>
            <attribute name="includes" default="${includes}"/>
            <attribute name="excludes" default="${excludes}"/>
            <attribute name="debug" default="${javac.debug}"/>
            <attribute name="sourcepath" default="${empty.dir}"/>
            <attribute name="gensrcdir" default="${empty.dir}"/>
            <attribute name="processorpath" default="${javac.processorpath}"/>
            <attribute name="apgeneratedsrcdir" default="${build.generated.sources.dir}/ap-source-output"/>
            <element name="customize" optional="true"/>
            <sequential>
                <taskdef name="mirahc" classpath="${libs.mirah-all.classpath}:${javac.classpath}" classname="ca.weblite.mirah.ant.MirahcTask"/>
                <property name="empty.dir" location="${build.dir}/empty"/>
                <mkdir dir="${empty.dir}"/>
                <mkdir dir="${build.dir}/mirah"/>
                <property name="mirah.tmp" location="${build.dir}/mirah_tmp"/>
                <property name="mirah.tmp.macros" location="${mirah.tmp}/macros"/>
                <property name="mirah.java.stub.dir" location="${mirah.tmp}/java_stub_dir"/>
                <property name="mirah.class.cache.dir" location="${mirah.tmp}/class_cache_dir"/>
                <property name="mirah.tmp.macros.src" location="${mirah.tmp.macros}/src"/>
                <property name="mirah.tmp.macros.classes" location="${mirah.tmp.macros}/classes"/>
                <delete dir="${mirah.tmp.macros.src}"/>
                <mkdir dir="${mirah.tmp.macros.src}"/>
                <copy todir="${mirah.tmp.macros.src}">
                    <fileset dir="@{srcdir}" includes="**/macros/**" excludes="**/Bootstrap.mirah"/>
                </copy>
                <delete dir="${mirah.tmp.macros.classes}"/>
                <mkdir dir="${mirah.tmp.macros.classes}"/>
                <mirahc dest="${mirah.tmp.macros.classes}" macrojardir="${mirah.macros.jardir}" macroclasspath="@{classpath}" javasourcespath="@{srcdir}" javastubdir="${mirah.java.stub.dir}" classcachedir="${mirah.class.cache.dir}">
                    <javac srcdir="${mirah.tmp.macros.src}" classpath="@{classpath}" sourcepath="@{sourcepath}" includes="@{includes}" excludes="@{excludes}" debug="@{debug}" deprecation="${javac.deprecation}" encoding="${source.encoding}" source="${javac.source}" target="${javac.target}">
                        <compilerarg line="${javac.compilerargs}"/>
                        <customize/>
                    </javac>
                </mirahc>
                <delete dir="${mirah.tmp.macros.src}"/>
                <mkdir dir="${mirah.tmp.macros.src}"/>
                <copy todir="${mirah.tmp.macros.src}">
                    <fileset dir="@{srcdir}" includes="**/macros/Bootstrap.mirah"/>
                </copy>
                <mirahc dest="${mirah.tmp.macros.classes}" macrojardir="${mirah.macros.jardir}" macroclasspath="${mirah.tmp.macros.classes}:@{classpath}" javasourcespath="@{srcdir}" javastubdir="${mirah.java.stub.dir}" classcachedir="${mirah.class.cache.dir}">
                    <javac srcdir="${mirah.tmp.macros.src}" classpath="@{classpath}:${mirah.tmp.macros.classes}" sourcepath="@{sourcepath}" includes="@{includes}" excludes="@{excludes}" debug="@{debug}" deprecation="${javac.deprecation}" encoding="${source.encoding}" source="${javac.source}" target="${javac.target}">
                        <compilerarg line="${javac.compilerargs}"/>
                        <customize/>
                    </javac>
                </mirahc>
                <mirahc dest="${build.dir}/mirah" macrojardir="${mirah.macros.jardir}" macroclasspath="${mirah.tmp.macros.classes}:@{classpath}" javastubdir="${mirah.java.stub.dir}" classcachedir="${mirah.class.cache.dir}" javasourcespath="@{srcdir}">
                    <javac srcdir="@{srcdir}" destdir="@{destdir}" classpath="@{classpath}" sourcepath="@{sourcepath}" includes="@{includes}" excludes="@{excludes}" debug="@{debug}" deprecation="${javac.deprecation}" encoding="${source.encoding}" source="${javac.source}" target="${javac.target}">
                        <compilerarg line="${javac.compilerargs}"/>
                        <customize/>
                    </javac>
                </mirahc>
                <copy todir="@{destdir}">
                    <fileset dir="${build.dir}/mirah" excludes="**/macros/**.mirah"/>
                </copy>
            </sequential>
        </macrodef>
        <macrodef name="depend" uri="http://www.netbeans.org/ns/j2se-project/3">
            <attribute name="srcdir" default="${src.dir}"/>
            <attribute name="destdir" default="${build.classes.dir}"/>
            <attribute name="classpath" default="${javac.classpath}"/>
            <sequential>
                <depend srcdir="@{srcdir}" destdir="@{destdir}" cache="${build.dir}/depcache" includes="${includes}" excludes="${excludes}">
                    <classpath>
                        <path path="@{classpath}"/>
                    </classpath>
                </depend>
            </sequential>
        </macrodef>
        <macrodef name="force-recompile" uri="http://www.netbeans.org/ns/j2se-project/3">
            <attribute name="destdir" default="${build.classes.dir}"/>
            <sequential>
                <fail unless="javac.includes">Must set javac.includes</fail>
                <pathconvert property="javac.includes.binary" pathsep=",">
                    <path>
                        <filelist dir="@{destdir}" files="${javac.includes}"/>
                    </path>
                    <globmapper from="*.java" to="*.class"/>
                </pathconvert>
                <delete>
                    <files includes="${javac.includes.binary}"/>
                </delete>
            </sequential>
        </macrodef>
    </target>
    <target depends="init,compile-test,-pre-test-run" if="have.tests" name="-do-test-run-with-mirah">
        <j2seproject3:test testincludes=""/>
    </target>
    <target depends="init,compile-test,-pre-test-run,-do-test-run-with-mirah" if="have.tests" name="-post-test-run-with-mirah">
        <fail if="tests.failed" unless="ignore.failing.tests">Some tests failed; see details above.</fail>
    </target>
    <target depends="init,compile-test,-pre-test-run,-do-test-run-with-mirah,test-report,-post-test-run-with-mirah,-test-browse" description="Run unit tests." name="test-with-mirah"/>
    <target depends="init,compile-test-single,-pre-test-run-single" if="have.tests" name="-do-test-run-single-mirah">
        <fail unless="test.binarytestincludes">Must select some files in the IDE or set test.includes</fail>
        <j2seproject3:test testincludes=""/>
    </target>
    <target depends="init,compile-test-single,-pre-test-run-single,-do-test-run-single-mirah" if="have.tests" name="-post-test-run-single-mirah">
        <fail if="tests.failed" unless="ignore.failing.tests">Some tests failed; see details above.</fail>
    </target>
    <target depends="init,compile-test-single,-pre-test-run-single,-do-test-run-single-mirah,-post-test-run-single-mirah" description="Run single unit test." name="test-single-mirah"/>
    <target depends="init,compile-test-single,-pre-test-run-single,-debug-start-debugger-test" name="-do-test-debug-single-mirah">
        <fail unless="test.binarytestincludes">Must select some files in the IDE or set test.binarytestincludes</fail>
        <j2seproject3:test-debug testincludes=""/>
    </target>
    <target depends="init,compile-test-single,-pre-test-run-single,-do-test-debug-single-mirah" if="have.tests" name="-post-test-debug-single-mirah">
        <fail if="tests.failed" unless="ignore.failing.tests">Some tests failed; see details above.</fail>
    </target>
    <target depends="init,compile-test-single,-pre-test-run-single,-debug-start-debugger-test,-do-test-debug-single-mirah,-post-test-debug-single-mirah" name="debug-test-with-mirah"/>
</project>
